sample id,mic plate,date out of fridge,date emerged,did not emerge,date dead,adult weight,sex,notes
BND2,1,2/21/22,4/17/22,,,0.027,F,
BND3,1,2/21/22,4/17/22,,,0.022,F,
BND8,1,2/21/22,4/17/22,,,0.012,M,
BND20,1,2/21/22,4/17/22,,,0.03,F,
BND23,1,2/21/22,4/17/22,,,0.035,F,
BND24,1,2/21/22,4/17/22,,,0.033,F,
BND44,2,4/12/22,4/17/22,,,0.038,F,
MTV1,3,4/12/22,4/16/22,,,0.014,M,
MTV5,3,4/12/22,4/14/22,,,0.014,M,
MTV6,3,4/12/22,4/14/22,,,0.016,M,
MTV7,3,4/12/22,4/14/22,,,0.017,M,
MTV8,3,4/12/22,4/17/22,,,0.023,F,
MTV9,3,4/12/22,4/17/22,,,0.027,F,
MTV10,3,4/12/22,4/17/22,,,0.024,F,
MTV17,3,4/12/22,4/19/22,,,0.033,F,
MTV18,3,4/12/22,4/18/22,,,0.029,F,
MTV22,3,4/12/22,4/14/22,,,0.018,M,
BND51,4,4/12/22,4/16/22,,,0.018,M,
BND54,4,4/12/22,4/15/22,,,0.018,M,
BND69,4,4/12/22,4/14/22,,,0.02,M,
BND72,4,4/12/22,4/21/22,,,0.023,F,
NF6,5,4/12/22,4/15/22,,,0.025,F,
NF7,5,4/12/22,4/17/22,,,0.027,F,
NF11,5,4/12/22,4/17/22,,,0.023,F,
NF16,5,4/12/22,4/14/22,,,0.016,M,
NF22,5,4/12/22,4/16/22,,,0.027,F,
NF24,5,4/12/22,4/14/22,,,0.017,M,
JK23,6,4/12/22,4/14/22,,,0.012,M,
BND77,7,4/12/22,4/14/22,,,0.031,F,
BND84,7,4/12/22,4/14/22,,,0.026,F,
BND85,7,4/12/22,,x,,,,
BND91,7,4/12/22,4/17/22,,,0.026,F,
RF2,8,4/12/22,4/17/22,,,0.029,F,
RF3,8,4/12/22,4/16/22,,,0.028,F,
RF4,8,4/12/22,4/16/22,,,0.03,F,
RF6,8,4/12/22,,x,,,,
RF11,8,4/12/22,4/17/22,,,0.026,F,
RF12,8,4/12/22,4/15/22,,,0.03,F,
RF14,8,4/12/22,4/14/22,,,0.016,M,
RF19,8,4/12/22,4/17/22,,,0.029,F,
MAB7,9,4/12/22,4/14/22,,,0.018,M,
MAB11,9,4/12/22,4/16/22,,,0.027,F,
MAB12,9,4/12/22,4/17/22,,,0.031,F,
MAB13,9,4/12/22,4/14/22,,,0.023,F,
MAB16,9,4/12/22,4/17/22,,,0.017,M,
MAB17,9,4/12/22,4/14/22,,,0.019,M,
MAB18,9,4/12/22,4/14/22,,,0.018,M,
MAB20,9,4/12/22,4/14/22,,,0.026,F,
MAB21,9,4/12/22,4/14/22,,,0.032,F,
RF26,10,4/12/22,4/16/22,,,0.026,F,
RF27,10,4/12/22,4/17/22,,,0.029,F,
RF29,10,4/12/22,4/16/22,,,0.025,F,
RF32,10,4/12/22,4/14/22,,,0.015,M,
RF37,10,4/12/22,4/14/22,,,0.029,F,
RF38,10,4/12/22,4/14/22,,,0.029,F,
RF39,10,4/12/22,4/17/22,,,0.026,F,
RF40,10,4/12/22,4/14/22,,,0.015,M,
RF42,10,4/12/22,4/17/22,,,0.017,M,
RF43,10,4/12/22,4/14/22,,,0.017,M,
RF47,10,4/12/22,4/15/22,,,0.017,M,
RF48,10,4/12/22,4/16/22,,,0.015,M,
MTV25,11,4/12/22,4/16/22,,,0.018,M,
MTV28,11,4/12/22,4/17/22,,,0.014,M,
MTV29,11,4/12/22,4/17/22,,,0.017,M,
MTV30,11,4/12/22,,x,,,,
MTV31,11,4/12/22,4/16/22,,,0.028,F,
MTV32,11,4/12/22,4/17/22,,,0.028,F,
MTV33,11,4/12/22,4/16/22,,,0.029,F,
MTV34,11,4/12/22,4/17/22,,,0.029,F,
MTV35,11,4/12/22,4/14/22,,,0.019,M,
MTV36,11,4/12/22,4/15/22,,,0.015,M,
MTV39,11,4/12/22,,x,,,,
MTV42,11,4/12/22,,x,,,,
MTV46,11,4/12/22,4/15/22,,,0.023,M,
MAB24,12,4/12/22,4/17/22,,,0.032,F,O. lignaria
MAB28,12,4/12/22,4/14/22,,,0.034,F,O. lignaria
MAB29,12,4/12/22,,x,,,,
MAB31,12,4/12/22,4/14/22,,,0.022,M,O. lignaria
MAB32,12,4/12/22,4/14/22,,,0.021,M,O. lignaria
MAB34,12,4/12/22,4/18/22,,,0.032,F,
MAB36,12,4/12/22,4/15/22,,,0.034,F,
MAB37,12,4/12/22,4/17/22,,,0.03,F,
MAB38,12,4/12/22,4/16/22,,,0.029,F,
MAB39,12,4/12/22,4/15/22,,,0.016,M,
MAB40,12,4/12/22,4/14/22,,,0.019,M,
MAB42,12,4/12/22,4/14/22,,,0.018,M,
MAB44,12,4/12/22,4/18/22,,,0.035,F,
MAB46,12,4/12/22,4/16/22,,,0.026,F,
MAB47,12,4/12/22,4/17/22,,,0.023,M,
JK25,13,4/12/22,4/15/22,,,0.027,F,
JK28,13,4/12/22,4/16/22,,,0.019,M,
JK30,13,4/12/22,4/14/22,,,0.016,M,
JK31,13,4/12/22,,x,,,,
JK32,13,4/12/22,4/16/22,,,0.025,F,
JK36,13,4/12/22,4/17/22,,,0.014,M,
JK37,13,4/12/22,4/18/22,,,0.026,F,
JK38,13,4/12/22,4/17/22,,,0.03,F,
JK39,13,4/12/22,4/16/22,,,0.026,F,
JK41,13,4/12/22,,x,4/12/22,,,
JK42,13,4/12/22,4/21/22,,,0.026,F,
JK43,13,4/12/22,4/17/22,,,0.017,M,
JK44,13,4/12/22,4/18/22,,,0.018,M,
JK45,13,4/12/22,4/16/22,,,0.016,M,
JK46,13,4/12/22,4/19/22,,,0.015,M,
JK47,13,4/12/22,4/17/22,,,0.011,M,
JK48,13,4/12/22,4/16/22,,,0.016,M,
RF49,14,4/12/22,4/15/22,,,0.016,M,
RF52,14,4/12/22,4/21/22,,,0.031,F,
RF53,14,4/12/22,4/21/22,,,0.033,F,
RF54,14,4/12/22,4/19/22,,,0.029,F,
RF55,14,4/12/22,,x,4/12/22,,,
RF56,14,4/12/22,4/19/22,,,0.03,F,
RF57,14,4/12/22,4/16/22,,,0.018,M,
RF61,14,4/12/22,4/14/22,,,0.016,M,
RF62,14,4/12/22,4/16/22,,,0.016,M,
RF63,14,4/12/22,4/17/22,,,0.011,M,
RF64,14,4/12/22,4/19/22,,,0.03,F,
RF65,14,4/12/22,4/19/22,,,0.024,F,
RF66,14,4/12/22,4/18/22,,,0.029,F,
RF67,14,4/12/22,4/16/22,,,0.017,M,
RF68,14,4/12/22,4/17/22,,,0.014,M,
RF69,14,4/12/22,4/17/22,,,0.016,M,
RF70,14,4/12/22,4/18/22,,,0.016,M,
RF71,14,4/12/22,4/17/22,,,0.016,M,
RF72,14,4/12/22,4/16/22,,,0.016,M,
MAB48,15,4/12/22,4/14/22,,,0.021,M,
MAB49,15,4/12/22,4/16/22,,,0.019,M,
MAB50,15,4/12/22,4/15/22,,,0.021,M,
MAB53,15,4/12/22,4/19/22,,,0.029,F,
MAB54,15,4/12/22,4/17/22,,,0.029,F,
MAB55,15,4/12/22,4/17/22,,,0.033,F,
MAB56,15,4/12/22,,x,,,,
MAB59,15,4/12/22,4/14/22,,,0.017,M,
MAB60,15,4/12/22,,x,,,,
MAB62,15,4/12/22,4/17/22,,,0.031,F,
MAB63,15,4/12/22,4/16/22,,,0.032,F,
MAB65,15,4/12/22,4/16/22,,,0.025,F,
MAB66,15,4/12/22,4/15/22,,,0.035,F,
MAB70,15,4/12/22,4/17/22,,,0.017,M,
MAB71,15,4/12/22,4/16/22,,,0.016,M,
NF26,16,4/12/22,4/16/22,,,0.026,F,
NF27,16,4/12/22,4/17/22,,,0.026,,
NF28,16,4/12/22,4/16/22,,,0.024,F,
NF29,16,4/12/22,4/17/22,,,0.028,F,
NF30,16,4/12/22,4/16/22,,,0.014,M,
NF31,16,4/12/22,,x,,,,
NF32,16,4/12/22,4/16/22,,,0.018,M,
NF33,16,4/12/22,4/18/22,,,0.028,F,
NF34,16,4/12/22,4/18/22,,,0.027,F,
NF35,16,4/12/22,4/18/22,,,0.033,F,
NF36,16,4/12/22,4/17/22,,,0.029,F,
NF37,16,4/12/22,4/21/22,,,0.026,F,
NF39,16,4/12/22,4/21/22,,,0.026,F,
NF41,16,4/12/22,4/16/22,,,0.016,M,
NF42,16,4/12/22,4/16/22,,,0.013,M,
NF43,16,4/12/22,4/17/22,,,0.015,M,
NF44,16,4/12/22,4/19/22,,,0.015,M,
NF45,16,4/12/22,4/17/22,,,0.014,M,
NF46,16,4/12/22,4/17/22,,,0.012,M,
NF47,16,4/12/22,4/21/22,,,0.026,F,
MAB73,17,4/12/22,,x,,,,
MAB75,17,4/12/22,,x,,,,
MAB76,17,4/12/22,4/14/22,,,0.017,M,
MAB77,17,4/12/22,,x,,,,
MAB78,17,4/12/22,4/14/22,,,0.014,M,
MAB80,17,4/12/22,4/14/22,,,0.018,M,
MAB82,17,4/12/22,4/15/22,,,0.012,M,
MAB83,17,4/12/22,4/14/22,,,0.013,M,
MAB84,17,4/12/22,,x,,,,
MAB85,17,4/12/22,4/14/22,,,0.032,F,
MAB86,17,4/12/22,4/15/22,,,0.031,F,
MAB87,17,4/12/22,4/15/22,,,0.033,F,
MAB89,17,4/12/22,4/14/22,,,0.017,M,
MAB90,17,4/12/22,4/14/22,,,0.016,M,
MAB91,17,4/12/22,4/14/22,,,0.016,M,
MAB92,17,4/12/22,4/14/22,,,0.017,M,
MAB93,17,4/12/22,4/14/22,,,0.016,M,
MAB94,17,4/12/22,4/14/22,,,0.013,M,
MAB95,17,4/12/22,4/16/22,,,0.013,M,
MTV49,18,4/12/22,4/15/22,,,0.024,F,
MTV50,18,4/12/22,4/14/22,,,0.019,M,
MTV51,18,4/12/22,4/16/22,,,0.015,M,
MTV52,18,4/12/22,4/16/22,,,0.016,M,
MTV53,18,4/12/22,4/16/22,,,0.015,M,
MTV54,18,4/12/22,4/17/22,,,0.015,M,
MTV55,18,4/12/22,4/16/22,,,0.029,F,
MTV58,18,4/12/22,4/16/22,,,0.032,F,
MTV60,18,4/12/22,4/17/22,,,0.025,F,
MTV61,18,4/12/22,4/14/22,,,0.014,M,
MTV62,18,4/12/22,4/14/22,,,0.015,M,
MTV65,18,4/12/22,4/14/22,,,0.015,M,
MTV66,18,4/12/22,4/15/22,,,0.013,M,
MTV67,18,4/12/22,4/14/22,,,0.017,M,
MTV68,18,4/12/22,4/17/22,,,0.023,F,
MTV69,18,4/12/22,4/18/22,,,0.027,F,
MTV70,18,4/12/22,4/14/22,,,0.024,M,
MTV71,18,4/12/22,4/15/22,,,0.015,M,
MTV72,18,4/12/22,4/14/22,,,0.018,M,
RF73,19,4/12/22,4/15/22,,,0.021,M,
RF74,19,4/12/22,4/14/22,,,0.016,M,
RF75,19,4/12/22,4/14/22,,,0.021,F,
RF76,19,4/12/22,4/14/22,,,0.016,M,
RF77,19,4/12/22,4/14/22,,,0.016,M,
RF78,19,4/12/22,4/14/22,,,0.015,M,
RF79,19,4/12/22,4/14/22,,,0.015,M,
RF80,19,4/12/22,4/14/22,,,0.017,M,
RF81,19,4/12/22,4/14/22,,,0.016,M,
RF82,19,4/12/22,4/14/22,,,0.013,M,
RF83,19,4/12/22,4/14/22,,,0.014,M,
RF84,19,4/12/22,4/17/22,,,0.025,F,
RF85,19,4/12/22,4/14/22,,,0.028,M,
RF86,19,4/12/22,4/16/22,,,0.024,F,
RF87,19,4/12/22,4/15/22,,,0.027,F,
RF88,19,4/12/22,4/17/22,,,0.024,M,
RF89,19,4/12/22,4/17/22,,,0.015,M,
RF90,19,4/12/22,4/16/22,,,0.014,M,
RF92,19,4/12/22,4/14/22,,,0.015,M,
RF93,19,4/12/22,4/16/22,,,0.029,F,
RF94,19,4/12/22,4/17/22,,,0.028,F,
RF95,19,4/12/22,4/18/22,,,0.028,F,
RF96,19,4/12/22,4/18/22,,,0.03,F,
MAB96,20,4/12/22,4/17/22,,,0.027,F,
MAB97,20,4/12/22,4/19/22,,,0.028,F,
MAB98,20,4/12/22,4/17/22,,,0.029,F,
MAB99,20,4/12/22,4/16/22,,,0.026,F,
MAB100,20,4/12/22,4/18/22,,,0.028,F,
MAB101,20,4/12/22,4/14/22,,,0.016,M,
MAB102,20,4/12/22,4/14/22,,,0.015,M,
MAB103,20,4/12/22,4/14/22,,,0.016,M,
MAB104,20,4/12/22,4/14/22,,,0.019,M,
MAB106,20,4/12/22,4/15/22,,,0.015,M,
MAB107,20,4/12/22,4/19/22,,,0.032,F,
MAB108,20,4/12/22,4/17/22,,,0.028,F,
MAB109,20,4/12/22,4/16/22,,,0.026,F,
MAB110,20,4/12/22,4/14/22,,,0.016,M,
MAB111,20,4/12/22,4/16/22,,,0.02,F,
MAB113,20,4/12/22,4/15/22,,,0.017,M,
MAB114,20,4/12/22,4/14/22,,,0.016,M,
MAB115,20,4/12/22,4/14/22,,,0.017,M,
MAB116,20,4/12/22,,x,,,,
MAB117,20,4/12/22,4/19/22,,,0.033,F,
MAB118,20,4/12/22,4/16/22,,,0.033,F,
MAB119,20,4/12/22,4/14/22,,,0.02,M,
MAB120,21,4/12/22,4/14/22,,,0.02,M,
MAB121,21,4/12/22,4/14/22,,,0.018,M,
MAB122,21,4/12/22,4/14/22,,,0.018,M,
MAB124,21,4/12/22,4/15/22,,,0.018,M,
MAB125,21,4/12/22,4/17/22,,,0.018,M,
MAB126,21,4/12/22,4/14/22,,,0.016,M,
MAB127,21,4/12/22,4/14/22,,,0.017,M,
MAB128,21,4/12/22,4/15/22,,,0.027,F,
MAB129,21,4/12/22,4/14/22,,,0.019,M,
MAB130,21,4/12/22,4/14/22,,,0.018,M,
MAB131,21,4/12/22,4/14/22,,,0.016,M,
MAB132,21,4/12/22,4/14/22,,,0.017,M,
MAB133,21,4/12/22,4/14/22,,,0.012,M,
MAB134,21,4/12/22,4/14/22,,,0.011,M,
MAB135,21,4/12/22,4/15/22,,,0.024,M,
MAB136,21,4/12/22,4/14/22,,,0.013,M,
MAB137,21,4/12/22,4/15/22,,,0.014,M,
MAB138,21,4/12/22,4/14/22,,,0.013,M,
MAB139,21,4/12/22,4/14/22,,,0.011,M,
MAB141,21,4/12/22,4/14/22,,,0.012,M,
MAB142,21,4/12/22,4/15/22,,,0.012,M,
NF49,22,4/12/22,4/14/22,,,0.015,M,
NF50,22,4/12/22,4/14/22,,,0.015,M,
NF51,22,4/12/22,4/14/22,,,0.014,M,
NF52,22,4/12/22,4/14/22,,,0.015,M,
NF53,22,4/12/22,4/14/22,,,0.014,M,
NF54,22,4/12/22,4/14/22,,,0.017,M,
NF55,22,4/12/22,4/16/22,,,0.027,F,
NF56,22,4/12/22,4/14/22,,,0.024,M,
NF57,22,4/12/22,4/18/22,,,0.024,F,
NF58,22,4/12/22,4/19/22,,,0.028,F,
NF59,22,4/12/22,4/18/22,,,0.023,F,
NF60,22,4/12/22,4/18/22,,,0.025,F,
NF61,22,4/12/22,4/18/22,,,0.024,F,
NF62,22,4/12/22,4/14/22,,,0.014,M,
NF63,22,4/12/22,4/14/22,,,0.014,M,
NF64,22,4/12/22,4/14/22,,,0.014,M,
NF65,22,4/12/22,4/14/22,,,0.013,M,
NF66,22,4/12/22,4/16/22,,,0.012,M,
NF67,22,4/12/22,4/14/22,,,0.012,M,
NF69,22,4/12/22,4/16/22,,,0.023,F,
NF70,22,4/12/22,4/14/22,,,0.019,M,
NF71,22,4/12/22,4/15/22,,,0.015,M,
NF72,22,4/12/22,4/14/22,,,0.012,M,
MAB144,23,4/12/22,4/15/22,,,0.037,F,
MAB145,23,4/12/22,4/16/22,,,0.03,F,
MAB146,23,4/12/22,4/17/22,,,0.033,F,
MAB147,23,4/12/22,4/16/22,,,0.027,F,
MAB148,23,4/12/22,4/14/22,,,0.02,M,
MAB149,23,4/12/22,4/14/22,,,0.016,M,
MAB150,23,4/12/22,4/14/22,,,0.017,M,
MAB153,23,4/12/22,4/17/22,,,0.029,F,
MAB154,23,4/12/22,4/17/22,,,0.029,F,
MAB156,23,4/12/22,4/18/22,,,0.029,F,
MAB157,23,4/12/22,4/14/22,,,0.016,M,
MAB158,23,4/12/22,4/14/22,,,0.016,M,
MAB159,23,4/12/22,4/14/22,,,0.015,M,
MAB160,23,4/12/22,4/15/22,,,0.015,M,
MAB161,23,4/12/22,4/14/22,,,0.013,M,
MAB162,23,4/12/22,,x,4/12/22,,,
MAB163,23,4/12/22,4/19/22,,,0.023,F,
MAB164,23,4/12/22,4/16/22,,,0.03,F,
MAB165,23,4/12/22,4/17/22,,,0.03,F,
MAB166,23,4/12/22,4/21/22,,,0.028,F,
RF97,24,4/12/22,4/18/22,,,0.029,F,
RF98,24,4/12/22,4/16/22,,,0.026,F,
RF99,24,4/12/22,4/17/22,,,0.03,F,
RF100,24,4/12/22,4/14/22,,,0.018,M,
RF101,24,4/12/22,4/18/22,,,0.023,M,
RF102,24,4/12/22,4/14/22,,,0.019,M,
RF103,24,4/12/22,4/16/22,,,0.023,F,
RF104,24,4/12/22,4/17/22,,,0.027,F,
RF105,24,4/12/22,,x,,,,
RF106,24,4/12/22,4/17/22,,,0.026,F,
RF108,24,4/12/22,4/16/22,,,0.016,M,
RF109,24,4/12/22,4/14/22,,,0.014,M,
RF110,24,4/12/22,4/14/22,,,0.015,M,
RF111,24,4/12/22,4/14/22,,,0.015,M,
RF112,24,4/12/22,4/14/22,,,0.016,M,
RF113,24,4/12/22,4/16/22,,,0.015,M,
RF114,24,4/12/22,4/16/22,,,0.016,M,
RF116,24,4/12/22,4/18/22,,,0.026,F,
RF117,24,4/12/22,4/19/22,,,0.022,F,
RF119a,24,4/12/22,4/19/22,,,0.027,F,
RF120a,24,4/12/22,4/21/22,,,0.027,F,
MTV73,25,4/12/22,4/14/22,,,0.017,M,
MTV74,25,4/12/22,4/14/22,,,0.019,M,
MTV75,25,4/12/22,4/15/22,,,0.017,M,
MTV76,25,4/12/22,4/16/22,,,0.025,F,
MTV77,25,4/12/22,4/19/22,,,0.023,F,
MTV78,25,4/12/22,4/18/22,,,0.027,F,
MTV81,25,4/12/22,4/16/22,,,0.032,F,
MTV82,25,4/12/22,4/17/22,,,0.025,F,
MTV83,25,4/12/22,4/18/22,,,0.031,F,
MTV84,25,4/12/22,4/17/22,,,0.031,F,
MTV85,25,4/12/22,4/16/22,,,0.029,F,
MTV86,25,4/12/22,4/18/22,,,0.031,F,
MTV87,25,4/12/22,4/17/22,,,0.027,F,
MTV88,25,4/12/22,4/14/22,,,0.018,M,
MTV90,25,4/12/22,4/14/22,,,0.017,M,
MTV91,25,4/12/22,4/14/22,,,0.016,M,
MTV92,25,4/12/22,4/17/22,,,0.027,F,
MTV93,25,4/12/22,4/18/22,,,0.029,F,
MTV94,25,4/12/22,4/18/22,,,0.031,F,
MTV97,25,4/12/22,4/15/22,,,0.018,M,
RF118b,27,4/12/22,4/17/22,,,0.024,F,
RF119b,27,4/12/22,4/17/22,,,0.018,M,
RF120b,27,4/12/22,4/16/22,,,0.016,M,
RF121,27,4/12/22,,x,,,,
RF123,27,4/12/22,4/19/22,,,0.03,F,
RF124,27,4/12/22,4/19/22,,,0.023,F,
RF125,27,4/12/22,4/17/22,,,0.016,M,
RF126,27,4/12/22,4/16/22,,,0.017,M,
RF127,27,4/12/22,4/17/22,,,0.015,M,
RF128,27,4/12/22,4/16/22,,,0.013,M,
RF129,27,4/12/22,4/17/22,,,0.015,M,
RF130,27,4/12/22,4/16/22,,,0.018,M,
RF131,27,4/12/22,4/18/22,,,0.013,M,
RF132,27,4/12/22,4/17/22,,,0.029,F,
RF133,27,4/12/22,,x,,,,
RF134,27,4/12/22,4/18/22,,,0.028,F,
RF136,27,4/12/22,4/17/22,,,0.01,M,houdini
RF137,27,4/12/22,4/15/22,,,0.02,M,
RF138,27,4/12/22,4/15/22,,,0.017,M,
RF139,27,4/12/22,4/16/22,,,0.015,M,
RF140,27,4/12/22,4/19/22,,,0.025,F,
RF141,27,4/12/22,4/21/22,,,0.025,F,
MTV122,28,4/12/22,4/14/22,,,0.023,M,
MTV123,28,4/12/22,4/14/22,,,0.019,M,
MTV125,28,4/12/22,4/14/22,,,0.015,M,
MTV126,28,4/12/22,4/14/22,,,0.014,M,
MTV127,28,4/12/22,4/14/22,,,0.015,M,
MTV129,28,4/12/22,4/14/22,,,0.014,M,
MTV130,28,4/12/22,4/14/22,,,0.014,M,
MTV131,28,4/12/22,,x,,,,
MTV132,28,4/12/22,4/16/22,,,0.027,F,
MTV133,28,4/12/22,4/19/22,,,0.026,F,
MTV134,28,4/12/22,4/16/22,,,0.027,F,
MTV136,28,4/12/22,4/14/22,,,0.016,M,
MTV137,28,4/12/22,4/14/22,,,0.017,M,
MTV138,28,4/12/22,4/15/22,,,0.016,M,
MTV139,28,4/12/22,4/15/22,,,0.013,M,
MTV140,28,4/12/22,4/14/22,,,0.013,M,
MTV141,28,4/12/22,4/17/22,,,0.024,F,
MTV142,28,4/12/22,4/14/22,,,0.017,M,
MTV143,28,4/12/22,4/15/22,,,0.018,M,
MTV144,28,4/12/22,4/14/22,,,0.013,M,
MAB167,29,4/12/22,4/19/22,,,0.028,F,
MAB169,29,4/12/22,4/15/22,,,0.016,M,
MAB170,29,4/12/22,4/14/22,,,0.015,M,
MAB171,29,4/12/22,4/16/22,,,0.015,M,
MAB172,29,4/12/22,4/14/22,,,0.016,M,
MAB173,29,4/12/22,4/14/22,,,0.015,M,
MAB174,29,4/12/22,4/14/22,,,0.037,F,
MAB175,29,4/12/22,,x,,,,
MAB176,29,4/12/22,4/16/22,,,0.029,F,
MAB177,29,4/12/22,4/18/22,,,0.032,F,
MAB179,29,4/12/22,4/14/22,,,0.018,M,
MAB180,29,4/12/22,,x,4/12/22,,,
MAB181,29,4/12/22,4/14/22,,,0.018,M,
MAB182,29,4/12/22,4/14/22,,,0.019,M,
MAB183,29,4/12/22,4/17/22,,,0.02,F,
MAB184,29,4/12/22,4/14/22,,,0.014,M,
MAB185,29,4/12/22,4/14/22,,,0.015,M,
MAB186,29,4/12/22,4/14/22,,,0.015,M,
MAB187,29,4/12/22,4/18/22,,,0.027,F,
MAB189,29,4/12/22,4/18/22,,,0.025,F,
MAB190,29,4/12/22,4/19/22,,,0.025,F,
MAB191,30,4/12/22,4/18/22,,,0.023,F,
MAB192,30,4/12/22,4/14/22,,,0.015,M,
MAB193,30,4/12/22,4/14/22,,,0.014,M,
MAB194,30,4/12/22,4/15/22,,,0.016,M,
MAB195,30,4/12/22,4/15/22,,,0.016,M,
MAB196,30,4/12/22,4/14/22,,,0.013,M,
MAB197,30,4/12/22,4/14/22,,,0.01,M,
MAB198,30,4/12/22,4/14/22,,,0.013,M,
MAB199,30,4/12/22,4/14/22,,,0.013,M,
MAB201,30,4/12/22,4/17/22,,,0.04,F,
MAB202,30,4/12/22,4/19/22,,,0.029,F,
MAB203,30,4/12/22,4/16/22,,,0.027,F,
MAB204,30,4/12/22,4/17/22,,,0.028,F,
MAB205,30,4/12/22,4/15/22,,,0.02,M,
MAB206,30,4/12/22,4/14/22,,,0.019,M,
MAB207,30,4/12/22,4/14/22,,,0.018,M,
MAB208,30,4/12/22,4/15/22,,,0.018,M,
MTV146,31,4/12/22,4/17/22,,,0.013,M,
MTV147,31,4/12/22,4/16/22,,,0.015,M,
MTV148,31,4/12/22,4/14/22,,,0.016,M,
MTV149,31,4/12/22,,x,4/12/22,,,
MTV150,31,4/12/22,4/18/22,,,0.028,F,
MTV152,31,4/12/22,4/18/22,,,0.029,F,
MTV154,31,4/12/22,4/17/22,,,0.017,M,
MTV155,31,4/12/22,4/16/22,,,0.03,F,
MTV156,31,4/12/22,,x,,,,
MTV157,31,4/12/22,4/15/22,,,0.017,M,
MTV158,31,4/12/22,4/16/22,,,0.013,M,
MTV159,31,4/12/22,4/17/22,,,0.014,M,
MTV160,31,4/12/22,4/15/22,,,0.013,M,
MTV161,31,4/12/22,4/18/22,,,0.027,F,
MTV162,31,4/12/22,4/21/22,,,0.023,F,
MTV164,31,4/12/22,4/21/22,,,0.021,F,
MTV166,31,4/12/22,4/21/22,,,0.023,F,
MTV167,31,4/12/22,4/21/22,,,0.024,F,
MTV168,31,4/12/22,4/17/22,,,0.014,M,
MTV169,31,4/12/22,4/16/22,,,0.013,M,
RF142,32,4/12/22,4/21/22,,,0.028,F,
RF143,32,4/12/22,4/19/22,,,0.026,F,
RF144,32,4/12/22,4/16/22,,,0.017,M,
RF145,32,4/12/22,4/18/22,,,0.014,M,
RF146,32,4/12/22,4/17/22,,,0.014,M,
RF147,32,4/12/22,4/17/22,,,0.012,M,
RF148,32,4/12/22,4/19/22,,,0.013,M,
RF149,32,4/12/22,4/18/22,,,0.012,M,
RF150,32,4/12/22,4/18/22,,,0.027,F,
RF151,32,4/12/22,4/18/22,,,0.027,F,
RF152,32,4/12/22,,x,,,,
RF153,32,4/12/22,4/24/22,,,0.029,F,
RF154,32,4/12/22,4/21/22,,,0.032,F,
RF155,32,4/12/22,4/19/22,,,0.03,F,
RF156,32,4/12/22,,x,,,,
RF157,32,4/12/22,4/21/22,,,0.016,M,
RF158,32,4/12/22,4/17/22,,,0.027,F,
RF159,32,4/12/22,4/14/22,,,0.017,M,
RF160,32,4/12/22,4/21/22,,,0.026,F,
RF161,32,4/12/22,4/17/22,,,0.016,M,
RF163,32,4/12/22,4/18/22,,,0.034,F,
RF164,32,4/12/22,4/16/22,,,0.034,F,
RF165,32,4/12/22,4/19/22,,,0.033,F,
NF73,34,4/12/22,4/16/22,,,0.023,F,
NF74,34,4/12/22,4/14/22,,,0.025,F,
NF77,34,4/12/22,4/19/22,,,0.028,F,
NF78,34,4/12/22,4/17/22,,,0.022,M,
NF79,34,4/12/22,4/14/22,,,0.018,M,
NF80,34,4/12/22,4/14/22,,,0.017,M,
NF81,34,4/12/22,4/16/22,,,0.03,F,
NF82,34,4/12/22,4/16/22,,,0.031,F,
NF83,34,4/12/22,4/14/22,,,0.015,M,
NF84,34,4/12/22,4/16/22,,,0.015,M,
NF85,34,4/12/22,4/14/22,,,0.016,M,
NF87,34,4/12/22,4/14/22,,,0.017,M,
NF89,34,4/12/22,4/14/22,,,0.015,M,
NF90,34,4/12/22,4/19/22,,,0.028,F,
NF91,34,4/12/22,4/14/22,,,0.026,F,
NF92,34,4/12/22,4/18/22,,,0.028,F,
NF93,34,4/12/22,4/14/22,,,0.019,M,
NF94,34,4/12/22,4/14/22,,,0.014,M,
NF95,34,4/12/22,4/14/22,,,0.014,M,
RF166,35,4/12/22,4/17/22,,,0.031,F,
RF167,35,4/12/22,4/18/22,,,0.029,F,
RF168,35,4/12/22,4/18/22,,,0.034,F,
RF169,35,4/12/22,4/17/22,,,0.032,F,
RF170,35,4/12/22,4/14/22,,,0.016,M,
RF171,35,4/12/22,4/14/22,,,0.014,M,
RF172,35,4/12/22,4/14/22,,,0.014,M,
MTV99,50,4/12/22,4/15/22,,,0.016,M,
MTV104,50,4/12/22,4/18/22,,,0.026,F,
MTV106,50,4/12/22,,x,,,,
MTV107,50,4/12/22,4/18/22,,,0.015,M,
MTV108,50,4/12/22,4/16/22,,,0.019,M,
MTV110,50,4/12/22,4/18/22,,,0.014,M,
MTV112,50,4/12/22,4/16/22,,,0.015,M,
MTV113,50,4/12/22,4/21/22,,,0.029,F,
MTV116,50,4/12/22,4/18/22,,,0.027,F,
MTV117,50,4/12/22,4/18/22,,,0.027,F,
MTV118,50,4/12/22,4/19/22,,,0.033,F,
MTV120,50,4/12/22,4/17/22,,,0.015,M,
MTV121,50,4/12/22,4/17/22,,,0.017,M,
1,38,4/12/22,4/19/22,,,0.027,F,
2,38,4/12/22,4/14/22,,,0.028,F,
3,38,4/12/22,4/19/22,,,0.032,F,
4,38,4/12/22,4/19/22,,,0.027,F,
5,38,4/12/22,4/18/22,,,0.029,F,
7,38,4/12/22,4/14/22,,,0.016,M,
8,38,4/12/22,4/15/22,,,0.028,F,
9,38,4/12/22,4/14/22,,,0.017,M,
10,38,4/12/22,4/15/22,,,0.018,M,
11,38,4/12/22,4/14/22,,,0.014,M,
12,38,4/12/22,4/14/22,,,0.014,M,
13,38,4/12/22,4/14/22,,,0.014,M,
14,38,4/12/22,,,,,,
15,38,4/12/22,4/16/22,,,0.03,F,
16,38,4/12/22,4/21/22,,,0.032,F,
17,38,4/12/22,4/21/22,,,0.028,F,
18,38,4/12/22,4/16/22,,,0.016,M,
19,38,4/12/22,4/14/22,,,0.017,M,
20,38,4/12/22,4/14/22,,,0.017,M,
21,38,4/12/22,4/17/22,,,0.014,M,
23,38,4/12/22,,,,,,
24,38,4/12/22,4/18/22,,,0.025,F,
25,39,4/12/22,,,,,,
26,39,4/12/22,4/17/22,,,0.025,F,
27,39,4/12/22,4/16/22,,,0.025,F,
28,39,4/12/22,,,,,,
29,39,4/12/22,,,,,,
30,39,4/12/22,4/14/22,,,0.013,M,
31,39,4/12/22,4/15/22,,,0.026,M,
32,39,4/12/22,4/15/22,,,0.031,F,
33,39,4/12/22,,,,,,
34,39,4/12/22,4/14/22,,,0.029,F,
35,39,4/12/22,,,,,,
36,39,4/12/22,4/14/22,,,0.016,M,
37,39,4/12/22,4/14/22,,,0.014,M,